INSERT INTO STADIUM (ISTADIUMID, SNAME, ICAPACITY, FLATITUDE, FLONGITUDE) VALUES
   (1, 'Luzhniki Stadium', 81000, 55.715989, 37.553758),
   (2, 'Kaliningrad Stadium', 35212, 54.698056, 20.533889),
   (3, 'Saint Petersburg Stadium', 67000, 59.972953, 30.220533),
   (4, 'Nizhny Novgorod Stadium', 44899, 56.3375, 43.963333),
   (5, 'Ekaterinburg Arena', 35696, 56.8325, 60.573611),
   (6, 'Otkrytije Arena', 45360, 55.817861, 37.44025),
   (7, 'Kazan Arena', 45379, 55.82038, 49.160643),
   (8, 'Mordovia Arena', 44442, 54.182778, 45.201389),
   (9, 'Samara Arena', 44918, 53.277778, 50.237222),
   (10, 'Volgograd Arena', 45568, 48.734444, 44.548611),
   (11, 'Rostov Arena', 45000, 47.209444, 39.737778),
   (12, 'Fisht Stadium', 41220, 43.402267, 39.956111);

INSERT INTO NATIONALTEAM (INATIONALTEAMID, SNAME, IWINS, IATTACK, IDEFENSE, IAGGRESSIVE) VALUES
   (1, 'Russia', 0, 3, 3, 1),
   (2, 'Saudi Arabia', 0, 2, 2, 2),
   (3, 'Egypt', 0, 3, 1, 1),
   (4, 'Uruguay', 2, 5, 2, 4),
   (5, 'Morocco', 0, 3, 1, 2),
   (6, 'IR Iran', 0, 1, 2, 2),
   (7, 'Portugal', 0, 5, 3, 2),
   (8, 'Spain', 1, 5, 4, 1),
   (9, 'France', 1, 5, 3, 2),
   (10, 'Australia', 0, 2, 2, 2),
   (11, 'Argentina', 2, 5, 2, 3),
   (12, 'Iceland', 0, 2, 3, 1),
   (13, 'Peru', 0, 3, 1, 2),
   (14, 'Denmark', 0, 3, 2, 1),
   (15, 'Croatia', 0, 3, 3, 1),
   (16, 'Nigeria', 0, 3, 1, 2),
   (17, 'Costa Rica', 0, 1, 3, 1),
   (18, 'Serbia', 0, 2, 3, 2),
   (19, 'Germany', 4, 4, 5, 1),
   (20, 'Mexico', 0, 3, 3, 2),
   (21, 'Brazil', 5, 5, 3, 3),
   (22, 'Switzerland', 0, 2, 3, 1),
   (23, 'Sweden', 0, 3, 2, 2),
   (24, 'Korea Republic', 0, 1, 1, 1),
   (25, 'Belgium', 0, 5, 4, 2),
   (26, 'Panama', 0, 2, 1, 2),
   (27, 'Tunisia', 0, 4, 2, 3),
   (28, 'England', 1, 4, 3, 1),
   (29, 'Colombia', 0, 4, 2, 3),
   (30, 'Japan', 0, 2, 2, 1),
   (31, 'Poland', 0, 4, 2, 1),
   (32, 'Senegal', 0, 3, 1, 2);

INSERT INTO PLAYER (IPLAYERID, SFIRSTNAME, SLASTNAME, ISTARTNUMBER, INATIONALTEAMID) VALUES
   (1, 'Ígor', 'Akinféyev', 1, 1),
   (2, 'Aleksandr', 'Kokorin', 2, 1),
   (3, 'Fiódor', 'Smólov', 3, 1),
   (4, 'Artem', 'Dzyuba', 4, 1),
   (5, 'Aleksandr', 'Kerzhakov', 5, 1),
   (6, 'Mário', 'Figueira', 6, 1),
   (7, 'Alán', 'Dzagóyev', 7, 1),
   (8, 'Román', 'Shirókov', 8, 1),
   (9, 'Denís', 'Glushakov', 9, 1),
   (10, 'Yuri', 'Zhirkov', 10, 1),
   (11, 'Serguéi', 'Ignashévich', 11, 1),

   (12, 'Andrés', 'Iniesta', 1, 8),
   (13, 'Sergio', 'Ramos', 2, 8),
   (14, 'Iker', 'Casillas', 3, 8),
   (15, 'Gerard', 'Piqué', 4, 8),
   (16, 'Diego', 'Costa', 5, 8),
   (17, 'David', 'Villa', 6, 8),
   (18, 'Marco', 'Asensio', 7, 8),
   (19, 'Sergi', 'Roberto', 8, 8),
   (20, 'Cesc', 'Fàbregas', 9, 8),
   (21, 'Thiago', 'Alcántara', 10, 8),
   (22, 'David', 'Silva', 11, 8),

   (23, 'Antoine', 'Griezmann', 1, 9),
   (24, 'Paul', 'Pogba', 2, 9),
   (25, 'Kylian', 'Mbappé', 3, 9),
   (26, 'Olivier', 'Giroud', 4, 9),
   (27, 'Dimitri', 'Payet', 5, 9),
   (28, 'Laurent', 'Koscielny', 6, 9),
   (29, 'Hugo', 'Lloris', 7, 9),
   (30, 'Ousmane', 'Dembélé', 8, 9),
   (31, 'Raphaël', 'Varane', 9, 9),
   (32, 'Mathieu', 'Valbuena', 10, 9),
   (33, 'Anthony', 'Martial', 11, 9),

   (34, 'Harry', 'Kane', 1, 28),
   (35, 'Jamie', 'Vardy', 2, 28),
   (36, 'Joe', 'Hart', 3, 28),
   (37, 'Marcus', 'Rashford', 4, 28),
   (38, 'Raheem', 'Sterling', 5, 28),
   (39, 'Daniel', 'Sturridge', 6, 28),
   (40, 'Jesse', 'Lingard', 7, 28),
   (41, 'Jack', 'Wilshere', 8, 28),
   (42, 'Dele', 'Alli', 9, 28),
   (43, 'Adam', 'Lallana', 10, 28),
   (44, 'Jordan', 'Henderson', 11, 28),

   (45, 'Tim', 'Cahill', 1, 10),
   (46, 'Mile', 'Jedinak', 2, 10),
   (47, 'Aaron', 'Mooy', 3, 10),
   (48, 'Tom', 'Rogić', 4, 10),
   (49, 'Mathew', 'Ryan', 5, 10),
   (50, 'Mathew', 'Leckie', 6, 10),
   (51, 'Massimo', 'Luongo', 7, 10),
   (52, 'Mitchell', 'Langerak', 8, 10),
   (53, 'Mark', 'Milligan', 9, 10),
   (54, 'Robbie', 'Kruse', 10, 10),
   (55, 'Jamie', 'Maclaren', 11, 10);

INSERT INTO MATCH (IMATCHID, IHOMEID, IAWAYID, SDATE, ISTADIUMID) VALUES
   (1, 1, 2, '2018-06-14 18:00:00', 1),
   (2, 3, 4, '2018-06-15 18:00:00', 5),
   (3, 5, 6, '2018-06-15 18:00:00', 3),
   (4, 7, 8, '2018-06-15 18:00:00', 12),
   (5, 9, 10, '2018-06-16 18:00:00', 7),
   (6, 11, 12, '2018-06-16 18:00:00', 6),
   (7, 13, 14, '2018-06-16 18:00:00', 8),
   (8, 15, 16, '2018-06-16 18:00:00', 2),
   (9, 17, 18, '2018-06-17 18:00:00', 9),
   (10, 19, 20, '2018-06-17 18:00:00', 1),
   (11, 21, 22, '2018-06-17 18:00:00', 11),
   (12, 23, 24, '2018-06-18 18:00:00', 4),
   (13, 25, 26, '2018-06-18 18:00:00', 12),
   (14, 27, 28, '2018-06-18 18:00:00', 10),
   (15, 29, 30, '2018-06-19 18:00:00', 8),
   (16, 31, 32, '2018-06-19 18:00:00', 6),
   (17, 1, 3, '2018-06-19 18:00:00', 3),
   (18, 7, 5, '2018-06-20 18:00:00', 1),
   (19, 4, 2, '2018-06-20 18:00:00', 11),
   (20, 6, 8, '2018-06-20 18:00:00', 7),
   (21, 14, 10, '2018-06-21 18:00:00', 9),
   (22, 9, 13, '2018-06-21 18:00:00', 5),
   (23, 11, 15, '2018-06-21 18:00:00', 4),
   (24, 21, 17, '2018-06-22 18:00:00', 3),
   (25, 16, 12, '2018-06-22 18:00:00', 10),
   (26, 18, 22, '2018-06-22 18:00:00', 2),
   (27, 25, 27, '2018-06-23 18:00:00', 6),
   (28, 24, 20, '2018-06-23 18:00:00', 11),
   (29, 19, 23, '2018-06-23 18:00:00', 12),
   (30, 28, 26, '2018-06-24 18:00:00', 4),
   (31, 30, 32, '2018-06-24 18:00:00', 5),
   (32, 31, 29, '2018-06-24 18:00:00', 7),
   (33, 4, 1, '2018-06-25 18:00:00', 9),
   (34, 2, 3, '2018-06-25 18:00:00', 10),
   (35, 8, 5, '2018-06-25 18:00:00', 2),
   (36, 6, 7, '2018-06-25 18:00:00', 8),
   (37, 14, 9, '2018-06-26 18:00:00', 1),
   (38, 10, 13, '2018-06-26 18:00:00', 12),
   (39, 12, 15, '2018-06-26 18:00:00', 11),
   (40, 16, 11, '2018-06-26 18:00:00', 3),
   (41, 20, 23, '2018-06-27 18:00:00', 5),
   (42, 24, 19, '2018-06-27 18:00:00', 7),
   (43, 18, 21, '2018-06-27 18:00:00', 6),
   (44, 22, 17, '2018-06-27 18:00:00', 4),
   (45, 30, 31, '2018-06-28 18:00:00', 10),
   (46, 32, 29, '2018-06-28 18:00:00', 9),
   (47, 28, 25, '2018-06-28 18:00:00', 2),
   (48, 26, 27, '2018-06-28 18:00:00', 8);
